{"bgr": [[95.88140094772726, 98.77430677540677, 93.85493258844429], [81.19954494926812, 80.13032810045249, 78.7814739573618]], "depth": [1.3610484756655925, 3.106360275754169], "labels": [[1.6889018979541532, 1.5286610796154794, 3.845703721962041, -1.8410512694108947, 1.6667424205077646, 27.908786048804533, -0.11564062114863202], [0.4400780674339248, 0.45646112424323276, 2.379140258517816, 8.421381424912072, 0.40800888065334645, 17.440216708073685, 1.7184686148109092]], "bboxes": [[511.9908515063237, 171.2273828615101, 106.89889448589382, 80.83584265691857], [292.3669498740207, 24.678156061312723, 90.5460743194893, 58.72242086271645]], "op": [[228.56267697908808, 229.86632359532533], [37.80170786511694, 34.25629299680674]]}